{
	"credit": "Made with Blockbench",
	"texture_size": [64, 64],
	"textures": {
		"0": "item/hats/axolotl_hat"
	},
	"elements": [
		{
			"name": "head",
			"from": [4, 4, 4],
			"to": [12, 9, 9],
			"rotation": {"angle": 0, "axis": "y", "origin": [8, 0, 14]},
			"faces": {
				"north": {"uv": [1.25, 1.5, 3.25, 2.75], "texture": "#0"},
				"east": {"uv": [0, 1.5, 1.25, 2.75], "texture": "#0"},
				"south": {"uv": [4.5, 1.5, 6.5, 2.75], "texture": "#0"},
				"west": {"uv": [3.25, 1.5, 4.5, 2.75], "texture": "#0"},
				"up": {"uv": [3.25, 1.5, 1.25, 0.25], "texture": "#0"},
				"down": {"uv": [5.25, 0.25, 3.25, 1.5], "texture": "#0"}
			}
		},
		{
			"name": "top_gills",
			"from": [4, 9, 8],
			"to": [12, 12, 8],
			"rotation": {"angle": 0, "axis": "y", "origin": [8, 0, 14]},
			"faces": {
				"north": {"uv": [0.75, 9.25, 2.75, 10], "texture": "#0"},
				"east": {"uv": [0.75, 9.25, 0.75, 10], "texture": "#0"},
				"south": {"uv": [2.75, 9.25, 4.75, 10], "texture": "#0"},
				"west": {"uv": [2.75, 9.25, 2.75, 10], "texture": "#0"},
				"up": {"uv": [2.75, 9.25, 0.75, 9.25], "texture": "#0"},
				"down": {"uv": [4.75, 9.25, 2.75, 9.25], "texture": "#0"}
			}
		},
		{
			"name": "left_gills",
			"from": [12, 4, 8],
			"to": [15, 11, 8],
			"rotation": {"angle": 0, "axis": "y", "origin": [8, 0, 14]},
			"faces": {
				"north": {"uv": [0, 10, 0.75, 11.75], "texture": "#0"},
				"east": {"uv": [0, 10, 0, 11.75], "texture": "#0"},
				"south": {"uv": [0.75, 10, 1.5, 11.75], "texture": "#0"},
				"west": {"uv": [0.75, 10, 0.75, 11.75], "texture": "#0"},
				"up": {"uv": [0.75, 10, 0, 10], "texture": "#0"},
				"down": {"uv": [1.5, 10, 0.75, 10], "texture": "#0"}
			}
		},
		{
			"name": "right_gills",
			"from": [1, 4, 8],
			"to": [4, 11, 8],
			"rotation": {"angle": 0, "axis": "y", "origin": [8, 0, 14]},
			"faces": {
				"north": {"uv": [2.75, 10, 3.5, 11.75], "texture": "#0"},
				"east": {"uv": [2.75, 10, 2.75, 11.75], "texture": "#0"},
				"south": {"uv": [3.5, 10, 4.25, 11.75], "texture": "#0"},
				"west": {"uv": [3.5, 10, 3.5, 11.75], "texture": "#0"},
				"up": {"uv": [3.5, 10, 2.75, 10], "texture": "#0"},
				"down": {"uv": [4.25, 10, 3.5, 10], "texture": "#0"}
			}
		},
		{
			"name": "body",
			"from": [4, 4, 9],
			"to": [12, 8, 12],
			"rotation": {"angle": 0, "axis": "y", "origin": [8, 0, 14]},
			"faces": {
				"north": {"uv": [2.5, 5.25, 4.5, 6.25], "texture": "#0"},
				"east": {"uv": [1.75, 5.25, 2.5, 6.25], "texture": "#0"},
				"south": {"uv": [5.25, 5.25, 7.25, 6.25], "texture": "#0"},
				"west": {"uv": [4.5, 5.25, 5.25, 6.25], "texture": "#0"},
				"up": {"uv": [4.5, 5.25, 2.5, 4.5], "texture": "#0"},
				"down": {"uv": [6.5, 4.5, 4.5, 5.25], "texture": "#0"}
			}
		},
		{
			"name": "tail",
			"from": [8, 2.75, 11],
			"to": [8, 7.75, 23],
			"rotation": {"angle": 22.5, "axis": "x", "origin": [8, 5.25, 12.5]},
			"faces": {
				"north": {"uv": [3.5, 7.75, 3.5, 9], "texture": "#0"},
				"east": {"uv": [0.5, 7.75, 3.5, 9], "texture": "#0"},
				"south": {"uv": [6.5, 7.75, 6.5, 9], "texture": "#0"},
				"west": {"uv": [3.5, 7.75, 6.5, 9], "texture": "#0"},
				"up": {"uv": [3.5, 7.75, 3.5, 4.75], "texture": "#0"},
				"down": {"uv": [3.5, 4.75, 3.5, 7.75], "texture": "#0"}
			}
		},
		{
			"name": "leg4",
			"from": [12, 0, 4.5],
			"to": [12, 5, 7.5],
			"rotation": {"angle": 0, "axis": "y", "origin": [12, 2.5, 6]},
			"faces": {
				"north": {"uv": [1.25, 3.25, 1.25, 4.5], "texture": "#0"},
				"east": {"uv": [0.5, 3.25, 1.25, 4.5], "texture": "#0"},
				"south": {"uv": [2, 3.25, 2, 4.5], "texture": "#0"},
				"west": {"uv": [1.25, 3.25, 2, 4.5], "texture": "#0"},
				"up": {"uv": [1.25, 3.25, 1.25, 2.5], "texture": "#0"},
				"down": {"uv": [1.25, 2.5, 1.25, 3.25], "texture": "#0"}
			}
		},
		{
			"name": "leg5",
			"from": [12, 0, 8.5],
			"to": [12, 5, 11.5],
			"rotation": {"angle": 0, "axis": "y", "origin": [12, 2.5, 10]},
			"faces": {
				"north": {"uv": [1.25, 3.25, 1.25, 4.5], "texture": "#0"},
				"east": {"uv": [0.5, 3.25, 1.25, 4.5], "texture": "#0"},
				"south": {"uv": [2, 3.25, 2, 4.5], "texture": "#0"},
				"west": {"uv": [1.25, 3.25, 2, 4.5], "texture": "#0"},
				"up": {"uv": [1.25, 3.25, 1.25, 2.5], "texture": "#0"},
				"down": {"uv": [1.25, 2.5, 1.25, 3.25], "texture": "#0"}
			}
		},
		{
			"name": "leg6",
			"from": [3.975, 0, 8.5],
			"to": [3.975, 5, 11.5],
			"rotation": {"angle": 0, "axis": "y", "origin": [3.975, 2.5, 10]},
			"faces": {
				"north": {"uv": [1.25, 3.25, 1.25, 4.5], "texture": "#0"},
				"east": {"uv": [2, 3.25, 1.25, 4.5], "texture": "#0"},
				"south": {"uv": [2, 3.25, 2, 4.5], "texture": "#0"},
				"west": {"uv": [1.25, 3.25, 0.5, 4.5], "texture": "#0"},
				"up": {"uv": [1.25, 3.25, 1.25, 2.5], "texture": "#0"},
				"down": {"uv": [1.25, 2.5, 1.25, 3.25], "texture": "#0"}
			}
		},
		{
			"name": "leg5",
			"from": [3.975, 0, 4.5],
			"to": [3.975, 5, 7.5],
			"rotation": {"angle": 0, "axis": "y", "origin": [3.975, 2.5, 6]},
			"faces": {
				"north": {"uv": [1.25, 3.25, 1.25, 4.5], "texture": "#0"},
				"east": {"uv": [2, 3.25, 1.25, 4.5], "texture": "#0"},
				"south": {"uv": [2, 3.25, 2, 4.5], "texture": "#0"},
				"west": {"uv": [1.25, 3.25, 0.5, 4.5], "texture": "#0"},
				"up": {"uv": [1.25, 3.25, 1.25, 2.5], "texture": "#0"},
				"down": {"uv": [1.25, 2.5, 1.25, 3.25], "texture": "#0"}
			}
		}
	],
	"display": {
		"thirdperson_righthand": {
			"rotation": [51.5, 0, 0],
			"translation": [0, 1.75, -1]
		},
		"thirdperson_lefthand": {
			"rotation": [51.5, 0, 0],
			"translation": [0, 1.75, -1]
		},
		"firstperson_righthand": {
			"rotation": [157.75, 33.75, -180],
			"translation": [4, 1, -5.5]
		},
		"firstperson_lefthand": {
			"rotation": [157.75, 33.75, -180],
			"translation": [4, 1, -5.5]
		},
		"ground": {
			"translation": [0, 5.25, 0],
			"scale": [0.8, 0.8, 0.8]
		},
		"gui": {
			"rotation": [30, 225, 0],
			"translation": [1, 1.75, 0],
			"scale": [0.8, 0.8, 0.8]
		},
		"head": {
			"translation": [0, 12.25, 0],
			"scale": [1.9, 1.9, 1.9]
		},
		"fixed": {
			"translation": [0, 1.5, 0]
		}
	},
	"groups": [
		{
			"name": "head",
			"origin": [8, 6, 3],
			"color": 0,
			"children": [0]
		},
		{
			"name": "top_gills",
			"origin": [8, 9, 2],
			"color": 0,
			"children": [1]
		},
		{
			"name": "left_gills",
			"origin": [12, 6, 2],
			"color": 0,
			"children": [2]
		},
		{
			"name": "right_gills",
			"origin": [4, 6, 2],
			"color": 0,
			"children": [3]
		},
		{
			"name": "body",
			"origin": [8, 6, 12],
			"color": 0,
			"children": [4]
		},
		5,
		6,
		7,
		8,
		9
	]
}