{
	"credit": "Made with Blockbench",
	"textures": {
		"0": "item/hats/cat_ears",
		"particle": "item/hats/cat_ears"
	},
	"elements": [
		{
			"from": [1.5, -1, 7.375],
			"to": [2.75, 2.5, 8.625],
			"rotation": {"angle": 45, "axis": "z", "origin": [0.25, 3.4375, 8]},
			"faces": {
				"north": {"uv": [6, 0, 7, 4], "texture": "#0"},
				"east": {"uv": [6, 4, 7, 8], "texture": "#0"},
				"south": {"uv": [7, 0, 8, 4], "texture": "#0"},
				"west": {"uv": [7, 4, 8, 8], "texture": "#0"},
				"up": {"uv": [13, 14, 12, 13], "texture": "#0"},
				"down": {"uv": [14, 13, 13, 14], "texture": "#0"}
			}
		},
		{
			"from": [-2.25, -1, 7.375],
			"to": [-1, 2.5, 8.625],
			"rotation": {"angle": 45, "axis": "z", "origin": [0.25, 3.4375, 8]},
			"faces": {
				"north": {"uv": [3, 8, 4, 12], "texture": "#0"},
				"east": {"uv": [4, 8, 5, 12], "texture": "#0"},
				"south": {"uv": [8, 4, 9, 8], "texture": "#0"},
				"west": {"uv": [5, 8, 6, 12], "texture": "#0"},
				"up": {"uv": [4, 16, 3, 15], "texture": "#0"},
				"down": {"uv": [16, 3, 15, 4], "texture": "#0"}
			}
		},
		{
			"from": [17, -1, 7.375],
			"to": [18.25, 2.5, 8.625],
			"rotation": {"angle": -45, "axis": "z", "origin": [15.75, 3.4375, 8]},
			"faces": {
				"north": {"uv": [0, 8, 1, 12], "texture": "#0"},
				"east": {"uv": [8, 0, 9, 4], "texture": "#0"},
				"south": {"uv": [1, 8, 2, 12], "texture": "#0"},
				"west": {"uv": [2, 8, 3, 12], "texture": "#0"},
				"up": {"uv": [15, 2, 14, 1], "texture": "#0"},
				"down": {"uv": [15, 2, 14, 3], "texture": "#0"}
			}
		},
		{
			"from": [13.25, -1, 7.375],
			"to": [14.5, 2.5, 8.625],
			"rotation": {"angle": -45, "axis": "z", "origin": [15.75, 3.4375, 8]},
			"faces": {
				"north": {"uv": [6, 8, 7, 12], "texture": "#0"},
				"east": {"uv": [7, 8, 8, 12], "texture": "#0"},
				"south": {"uv": [8, 8, 9, 12], "texture": "#0"},
				"west": {"uv": [9, 0, 10, 4], "texture": "#0"},
				"up": {"uv": [5, 16, 4, 15], "texture": "#0"},
				"down": {"uv": [16, 4, 15, 5], "texture": "#0"}
			}
		},
		{
			"from": [0.875, 2.5, 7.375],
			"to": [2.125, 5, 8.625],
			"rotation": {"angle": 45, "axis": "z", "origin": [0.25, 3.4375, 8]},
			"faces": {
				"north": {"uv": [11, 9, 12, 12], "texture": "#0"},
				"east": {"uv": [10, 11, 11, 14], "texture": "#0"},
				"south": {"uv": [0, 12, 1, 15], "texture": "#0"},
				"west": {"uv": [12, 0, 13, 3], "texture": "#0"},
				"up": {"uv": [15, 6, 14, 5], "texture": "#0"},
				"down": {"uv": [15, 6, 14, 7], "texture": "#0"}
			}
		},
		{
			"from": [-1.625, 2.5, 7.375],
			"to": [-0.375, 5, 8.625],
			"rotation": {"angle": 45, "axis": "z", "origin": [0.25, 3.4375, 8]},
			"faces": {
				"north": {"uv": [1, 12, 2, 15], "texture": "#0"},
				"east": {"uv": [2, 12, 3, 15], "texture": "#0"},
				"south": {"uv": [3, 12, 4, 15], "texture": "#0"},
				"west": {"uv": [12, 3, 13, 6], "texture": "#0"},
				"up": {"uv": [3, 16, 2, 15], "texture": "#0"},
				"down": {"uv": [16, 2, 15, 3], "texture": "#0"}
			}
		},
		{
			"from": [-0.375, 5, 7.375],
			"to": [0.875, 6.25, 8.625],
			"rotation": {"angle": 45, "axis": "z", "origin": [0.25, 3.4375, 8]},
			"faces": {
				"north": {"uv": [14, 7, 15, 8], "texture": "#0"},
				"east": {"uv": [14, 8, 15, 9], "texture": "#0"},
				"south": {"uv": [14, 9, 15, 10], "texture": "#0"},
				"west": {"uv": [10, 14, 11, 15], "texture": "#0"},
				"up": {"uv": [13, 15, 12, 14], "texture": "#0"},
				"down": {"uv": [15, 12, 14, 13], "texture": "#0"}
			}
		},
		{
			"from": [15.125, 5, 7.375],
			"to": [16.375, 6.25, 8.625],
			"rotation": {"angle": -45, "axis": "z", "origin": [15.75, 3.4375, 8]},
			"faces": {
				"north": {"uv": [13, 14, 14, 15], "texture": "#0"},
				"east": {"uv": [14, 13, 15, 14], "texture": "#0"},
				"south": {"uv": [14, 14, 15, 15], "texture": "#0"},
				"west": {"uv": [0, 15, 1, 16], "texture": "#0"},
				"up": {"uv": [2, 16, 1, 15], "texture": "#0"},
				"down": {"uv": [16, 1, 15, 2], "texture": "#0"}
			}
		},
		{
			"from": [16.375, 2.5, 7.375],
			"to": [17.625, 5, 8.625],
			"rotation": {"angle": -45, "axis": "z", "origin": [15.75, 3.4375, 8]},
			"faces": {
				"north": {"uv": [10, 8, 11, 11], "texture": "#0"},
				"east": {"uv": [11, 0, 12, 3], "texture": "#0"},
				"south": {"uv": [11, 3, 12, 6], "texture": "#0"},
				"west": {"uv": [11, 6, 12, 9], "texture": "#0"},
				"up": {"uv": [15, 4, 14, 3], "texture": "#0"},
				"down": {"uv": [15, 4, 14, 5], "texture": "#0"}
			}
		},
		{
			"from": [13.875, 2.5, 7.375],
			"to": [15.125, 5, 8.625],
			"rotation": {"angle": -45, "axis": "z", "origin": [15.75, 3.4375, 8]},
			"faces": {
				"north": {"uv": [4, 12, 5, 15], "texture": "#0"},
				"east": {"uv": [5, 12, 6, 15], "texture": "#0"},
				"south": {"uv": [6, 12, 7, 15], "texture": "#0"},
				"west": {"uv": [12, 6, 13, 9], "texture": "#0"},
				"up": {"uv": [6, 16, 5, 15], "texture": "#0"},
				"down": {"uv": [16, 5, 15, 6], "texture": "#0"}
			}
		},
		{
			"from": [15.125, 2.5, 7.6875],
			"to": [16.375, 5, 8.3125],
			"rotation": {"angle": -45, "axis": "z", "origin": [15.75, 3.4375, 8]},
			"faces": {
				"north": {"uv": [7, 12, 8, 15], "texture": "#0"},
				"east": {"uv": [8, 12, 9, 15], "texture": "#0"},
				"south": {"uv": [9, 12, 10, 15], "texture": "#0"},
				"west": {"uv": [12, 9, 13, 12], "texture": "#0"},
				"up": {"uv": [7, 16, 6, 15], "texture": "#0"},
				"down": {"uv": [16, 6, 15, 7], "texture": "#0"}
			}
		},
		{
			"from": [14.5, -1, 7.6875],
			"to": [17, 2.5, 8.3125],
			"rotation": {"angle": -45, "axis": "z", "origin": [15.75, 3.4375, 8]},
			"faces": {
				"north": {"uv": [0, 0, 3, 4], "texture": "#0"},
				"east": {"uv": [9, 4, 10, 8], "texture": "#0"},
				"south": {"uv": [3, 0, 6, 4], "texture": "#0"},
				"west": {"uv": [9, 8, 10, 12], "texture": "#0"},
				"up": {"uv": [14, 13, 11, 12], "texture": "#0"},
				"down": {"uv": [16, 0, 13, 1], "texture": "#0"}
			}
		},
		{
			"from": [-1, -1, 7.6875],
			"to": [1.5, 2.5, 8.3125],
			"rotation": {"angle": 45, "axis": "z", "origin": [0.25, 3.4375, 8]},
			"faces": {
				"north": {"uv": [0, 4, 3, 8], "texture": "#0"},
				"east": {"uv": [10, 0, 11, 4], "texture": "#0"},
				"south": {"uv": [3, 4, 6, 8], "texture": "#0"},
				"west": {"uv": [10, 4, 11, 8], "texture": "#0"},
				"up": {"uv": [16, 11, 13, 10], "texture": "#0"},
				"down": {"uv": [16, 11, 13, 12], "texture": "#0"}
			}
		},
		{
			"from": [-0.375, 2.5, 7.6875],
			"to": [0.875, 5, 8.3125],
			"rotation": {"angle": 45, "axis": "z", "origin": [0.25, 3.4375, 8]},
			"faces": {
				"north": {"uv": [13, 1, 14, 4], "texture": "#0"},
				"east": {"uv": [13, 4, 14, 7], "texture": "#0"},
				"south": {"uv": [13, 7, 14, 10], "texture": "#0"},
				"west": {"uv": [11, 13, 12, 16], "texture": "#0"},
				"up": {"uv": [8, 16, 7, 15], "texture": "#0"},
				"down": {"uv": [16, 7, 15, 8], "texture": "#0"}
			}
		}
	],
	"display": {
		"thirdperson_righthand": {
			"translation": [0, 2.75, 0],
			"scale": [0.4, 0.4, 0.4]
		},
		"thirdperson_lefthand": {
			"translation": [0, 2.75, 0],
			"scale": [0.4, 0.4, 0.4]
		},
		"firstperson_righthand": {
			"rotation": [0, -66.5, 0],
			"translation": [0, 5.75, -0.75],
			"scale": [0.5, 0.5, 0.5]
		},
		"firstperson_lefthand": {
			"rotation": [0, -66.5, 0],
			"translation": [0, 5.75, -0.75],
			"scale": [0.5, 0.5, 0.5]
		},
		"ground": {
			"translation": [0, 3.75, 0],
			"scale": [0.5, 0.5, 0.5]
		},
		"gui": {
			"rotation": [30, 225, 0],
			"translation": [0, 2.75, 0],
			"scale": [0.625, 0.625, 0.625]
		},
		"head": {
			"rotation": [-13.75, 0, 0],
			"translation": [0, 12.5, -2.5]
		},
		"fixed": {
			"translation": [0, 4.75, 0],
			"scale": [0.8, 0.8, 0.8]
		}
	}
}