{
	"credit": "Made with Blockbench",
	"texture_size": [64, 64],
	"textures": {
		"0": "item/hats/propeller_hat",
		"particle": "item/hats/propeller_hat"
	},
	"elements": [
		{
			"from": [2, 0, 2],
			"to": [14, 5, 14],
			"rotation": {"angle": 0, "axis": "y", "origin": [2, 0, 2]},
			"faces": {
				"north": {"uv": [3, 0, 6, 1.25], "texture": "#0"},
				"east": {"uv": [3, 1.25, 6, 2.5], "texture": "#0"},
				"south": {"uv": [3, 2.5, 6, 3.75], "texture": "#0"},
				"west": {"uv": [3, 3.75, 6, 5], "texture": "#0"},
				"up": {"uv": [3, 3, 0, 0], "texture": "#0"},
				"down": {"uv": [3, 3, 0, 6], "texture": "#0"}
			}
		},
		{
			"from": [2, 0, -3],
			"to": [14, 1, 2],
			"rotation": {"angle": 0, "axis": "y", "origin": [2, 0, -10]},
			"faces": {
				"north": {"uv": [7.5, 7, 10.5, 7.25], "texture": "#0"},
				"east": {"uv": [6, 8.5, 7.25, 8.75], "texture": "#0"},
				"south": {"uv": [7.5, 7.25, 10.5, 7.5], "texture": "#0"},
				"west": {"uv": [7.25, 8.5, 8.5, 8.75], "texture": "#0"},
				"up": {"uv": [6, 6.25, 3, 5], "texture": "#0"},
				"down": {"uv": [3, 6, 0, 7.25], "texture": "#0"}
			}
		},
		{
			"from": [7.25, 5, 7.25],
			"to": [8.75, 7, 8.75],
			"rotation": {"angle": 0, "axis": "y", "origin": [2, 5, 2]},
			"faces": {
				"north": {"uv": [2.5, 7.25, 3, 7.75], "texture": "#0"},
				"east": {"uv": [2.5, 7.75, 3, 8.25], "texture": "#0"},
				"south": {"uv": [2.5, 8.25, 3, 8.75], "texture": "#0"},
				"west": {"uv": [8.5, 8.5, 9, 9], "texture": "#0"},
				"up": {"uv": [0.5, 9.25, 0, 8.75], "texture": "#0"},
				"down": {"uv": [1, 8.75, 0.5, 9.25], "texture": "#0"}
			}
		},
		{
			"from": [9.75, 7, 6.25],
			"to": [15, 9, 9.75],
			"rotation": {"angle": 0, "axis": "y", "origin": [16.25, 8, 8]},
			"faces": {
				"north": {"uv": [1.25, 7.25, 2.5, 7.75], "texture": "#0"},
				"east": {"uv": [5, 6.25, 6, 6.75], "texture": "#0"},
				"south": {"uv": [7.5, 7.5, 8.75, 8], "texture": "#0"},
				"west": {"uv": [8.25, 2, 9.25, 2.5], "texture": "#0"},
				"up": {"uv": [8.25, 3, 7, 2], "texture": "#0"},
				"down": {"uv": [8.25, 3, 7, 4], "texture": "#0"}
			}
		},
		{
			"from": [6.25, 7, 1],
			"to": [9.75, 9, 15],
			"rotation": {"angle": 0, "axis": "y", "origin": [8, 8, 8]},
			"faces": {
				"north": {"uv": [8.25, 2.5, 9.25, 3], "texture": "#0"},
				"east": {"uv": [7, 0, 10.5, 0.5], "texture": "#0"},
				"south": {"uv": [8.25, 3, 9.25, 3.5], "texture": "#0"},
				"west": {"uv": [7, 0.5, 10.5, 1], "texture": "#0"},
				"up": {"uv": [7, 3.5, 6, 0], "texture": "#0"},
				"down": {"uv": [7, 3.5, 6, 7], "texture": "#0"}
			}
		},
		{
			"from": [1, 7, 6.25],
			"to": [6.25, 9, 9.75],
			"rotation": {"angle": 0, "axis": "y", "origin": [8, 8, 8]},
			"faces": {
				"north": {"uv": [1.25, 7.75, 2.5, 8.25], "texture": "#0"},
				"east": {"uv": [8.25, 3.5, 9.25, 4], "texture": "#0"},
				"south": {"uv": [5, 8, 6.25, 8.5], "texture": "#0"},
				"west": {"uv": [8.25, 4, 9.25, 4.5], "texture": "#0"},
				"up": {"uv": [8.25, 5, 7, 4], "texture": "#0"},
				"down": {"uv": [6.25, 7, 5, 8], "texture": "#0"}
			}
		},
		{
			"from": [6.25, 7, 1],
			"to": [9.75, 9, 15],
			"rotation": {"angle": 45, "axis": "y", "origin": [8, 8, 8]},
			"faces": {
				"north": {"uv": [8.25, 4.5, 9.25, 5], "texture": "#0"},
				"east": {"uv": [7, 1, 10.5, 1.5], "texture": "#0"},
				"south": {"uv": [8.25, 5, 9.25, 5.5], "texture": "#0"},
				"west": {"uv": [7, 1.5, 10.5, 2], "texture": "#0"},
				"up": {"uv": [4, 9.75, 3, 6.25], "texture": "#0"},
				"down": {"uv": [5, 6.25, 4, 9.75], "texture": "#0"}
			}
		},
		{
			"from": [1, 7, 6.25],
			"to": [6.25, 9, 9.75],
			"rotation": {"angle": 45, "axis": "y", "origin": [8, 8, 8]},
			"faces": {
				"north": {"uv": [6.25, 8, 7.5, 8.5], "texture": "#0"},
				"east": {"uv": [8.25, 5.5, 9.25, 6], "texture": "#0"},
				"south": {"uv": [7.5, 8, 8.75, 8.5], "texture": "#0"},
				"west": {"uv": [8.25, 6, 9.25, 6.5], "texture": "#0"},
				"up": {"uv": [8.25, 6, 7, 5], "texture": "#0"},
				"down": {"uv": [8.25, 6, 7, 7], "texture": "#0"}
			}
		},
		{
			"from": [7.2, 7, 0.075],
			"to": [12.45, 9, 3.575],
			"rotation": {"angle": 45, "axis": "y", "origin": [14.2, 8, 1.825]},
			"faces": {
				"north": {"uv": [0, 8.25, 1.25, 8.75], "texture": "#0"},
				"east": {"uv": [8.25, 6.5, 9.25, 7], "texture": "#0"},
				"south": {"uv": [1.25, 8.25, 2.5, 8.75], "texture": "#0"},
				"west": {"uv": [5, 8.5, 6, 9], "texture": "#0"},
				"up": {"uv": [7.5, 8, 6.25, 7], "texture": "#0"},
				"down": {"uv": [1.25, 7.25, 0, 8.25], "texture": "#0"}
			}
		}
	],
	"display": {
		"thirdperson_righthand": {
			"rotation": [23.25, 0, 0],
			"translation": [0, 1.75, -1.5],
			"scale": [0.5, 0.5, 0.5]
		},
		"thirdperson_lefthand": {
			"rotation": [23.25, 0, 0],
			"translation": [0, 1.75, -1.5],
			"scale": [0.5, 0.5, 0.5]
		},
		"firstperson_righthand": {
			"rotation": [163.5, 35.75, -180],
			"translation": [4, 3, -6.5],
			"scale": [0.7, 0.7, 0.7]
		},
		"firstperson_lefthand": {
			"rotation": [163.5, 35.75, -180],
			"translation": [4, 3, -6.5],
			"scale": [0.7, 0.7, 0.7]
		},
		"ground": {
			"translation": [0, 3.25, 0],
			"scale": [0.5, 0.5, 0.5]
		},
		"gui": {
			"rotation": [30, 225, 0],
			"translation": [-1, 2.5, 0],
			"scale": [0.625, 0.625, 0.625]
		},
		"head": {
			"rotation": [3.25, -2, 0.12],
			"translation": [0, 13.5, 0.75],
			"scale": [1.3, 1.3, 1.3]
		},
		"fixed": {
			"translation": [0, 3.5, 0]
		}
	},
	"groups": [
		{
			"name": "hat",
			"origin": [2, 5, 2],
			"color": 0,
			"children": [0, 1, 2]
		},
		{
			"name": "pro1",
			"origin": [8, 8, 8],
			"color": 0,
			"children": [3, 4, 5]
		},
		{
			"name": "pro2",
			"origin": [16.25, 8, 8],
			"color": 0,
			"children": [6, 7, 8]
		}
	]
}