{
	"credit": "Made with Blockbench",
	"textures": {
		"1": "item/hats/repo_hat",
		"particle": "item/hats/repo_hat"
	},
	"elements": [
		{
			"from": [3.5, 2, 3.8],
			"to": [12.5, 9, 12.8],
			"rotation": {"angle": 0, "axis": "x", "origin": [8.5, 0, 7.8]},
			"faces": {
				"north": {"uv": [7.25, 5, 9.5, 6.75], "texture": "#1"},
				"east": {"uv": [7.25, 6.75, 9.5, 8.5], "texture": "#1"},
				"south": {"uv": [7.5, 0, 9.75, 1.75], "texture": "#1"},
				"west": {"uv": [7.5, 1.75, 9.75, 3.5], "texture": "#1"},
				"up": {"uv": [7.25, 7.25, 5, 5], "texture": "#1"},
				"down": {"uv": [7.25, 7.25, 5, 9.5], "texture": "#1"}
			}
		},
		{
			"from": [4.5, 8, 4.8],
			"to": [11.5, 10, 11.8],
			"rotation": {"angle": 0, "axis": "x", "origin": [8.5, 3, 7.8]},
			"faces": {
				"north": {"uv": [7.5, 4.5, 9.25, 5], "texture": "#1"},
				"east": {"uv": [9.75, 2.5, 11.5, 3], "texture": "#1"},
				"south": {"uv": [9.75, 3, 11.5, 3.5], "texture": "#1"},
				"west": {"uv": [10, 3.5, 11.75, 4], "texture": "#1"},
				"up": {"uv": [1.75, 9.75, 0, 8], "texture": "#1"},
				"down": {"uv": [3.5, 8, 1.75, 9.75], "texture": "#1"}
			}
		},
		{
			"from": [3.5, 0, 3.8],
			"to": [12.5, 2, 12.8],
			"rotation": {"angle": 0, "axis": "x", "origin": [8.5, 0, 7.8]},
			"faces": {
				"north": {"uv": [9.5, 6.5, 11.75, 7], "texture": "#1"},
				"east": {"uv": [9.5, 7, 11.75, 7.5], "texture": "#1"},
				"south": {"uv": [9.5, 7.5, 11.75, 8], "texture": "#1"},
				"west": {"uv": [9.5, 8, 11.75, 8.5], "texture": "#1"},
				"up": {"uv": [7.25, 7.25, 5, 5], "texture": "#1"},
				"down": {"uv": [7.25, 7.25, 5, 9.5], "texture": "#1"}
			}
		},
		{
			"from": [10.5, 4, 2.5],
			"to": [12.5, 6, 2.5],
			"rotation": {"angle": 0, "axis": "x", "origin": [11.5, 4, 3.5]},
			"faces": {
				"north": {"uv": [11, 10.5, 11.5, 11], "texture": "#1"},
				"east": {"uv": [0, 0, 0, 0.5], "texture": "#1"},
				"south": {"uv": [11, 11, 11.5, 11.5], "texture": "#1"},
				"west": {"uv": [0, 0, 0, 0.5], "texture": "#1"},
				"up": {"uv": [0.5, 0, 0, 0], "texture": "#1"},
				"down": {"uv": [0.5, 0, 0, 0], "texture": "#1"}
			}
		},
		{
			"from": [9.5, 3, 2.8],
			"to": [13.5, 7, 5.8],
			"rotation": {"angle": 0, "axis": "x", "origin": [9.5, 0, 7.8]},
			"faces": {
				"north": {"uv": [7.5, 3.5, 8.5, 4.5], "texture": "#1"},
				"east": {"uv": [10, 5.5, 10.75, 6.5], "texture": "#1"},
				"south": {"uv": [8.5, 3.5, 9.5, 4.5], "texture": "#1"},
				"west": {"uv": [10.5, 1.5, 11.25, 2.5], "texture": "#1"},
				"up": {"uv": [11.75, 6.25, 10.75, 5.5], "texture": "#1"},
				"down": {"uv": [12, 0, 11, 0.75], "texture": "#1"}
			}
		},
		{
			"from": [3.5, 4, 2.5],
			"to": [5.5, 6, 2.5],
			"rotation": {"angle": 0, "axis": "x", "origin": [4.5, 4, 3.5]},
			"faces": {
				"north": {"uv": [9.75, 11, 10.25, 11.5], "texture": "#1"},
				"east": {"uv": [0, 0, 0, 0.5], "texture": "#1"},
				"south": {"uv": [11, 10, 11.5, 10.5], "texture": "#1"},
				"west": {"uv": [0, 0, 0, 0.5], "texture": "#1"},
				"up": {"uv": [0.5, 0, 0, 0], "texture": "#1"},
				"down": {"uv": [0.5, 0, 0, 0], "texture": "#1"}
			}
		},
		{
			"from": [2.5, 3, 2.8],
			"to": [6.5, 7, 5.8],
			"rotation": {"angle": 0, "axis": "x", "origin": [2.5, 0, 7.8]},
			"faces": {
				"north": {"uv": [5.5, 9.5, 6.5, 10.5], "texture": "#1"},
				"east": {"uv": [6.5, 10.75, 7.25, 11.75], "texture": "#1"},
				"south": {"uv": [0, 9.75, 1, 10.75], "texture": "#1"},
				"west": {"uv": [0.5, 11, 1.25, 12], "texture": "#1"},
				"up": {"uv": [12, 1.5, 11, 0.75], "texture": "#1"},
				"down": {"uv": [2.25, 11, 1.25, 11.75], "texture": "#1"}
			}
		}
	],
	"gui_light": "front",
	"display": {
		"thirdperson_righthand": {
			"rotation": [75, 45, 0],
			"translation": [0, 1, -1],
			"scale": [0.375, 0.375, 0.375]
		},
		"thirdperson_lefthand": {
			"rotation": [75, 45, 0],
			"translation": [0, 1, -1],
			"scale": [0.375, 0.375, 0.375]
		},
		"firstperson_righthand": {
			"rotation": [-180, 35, -180],
			"translation": [8, 1, -13.25]
		},
		"firstperson_lefthand": {
			"rotation": [-180, 35, -180],
			"translation": [8, 1, -13.25]
		},
		"ground": {
			"translation": [0, 2.5, 0],
			"scale": [0.5, 0.5, 0.5]
		},
		"gui": {
			"rotation": [30, 225, 0],
			"translation": [0, 1.75, 0],
			"scale": [0.625, 0.625, 0.625]
		},
		"head": {
			"translation": [0, 6.5, -0.25],
			"scale": [1.7, 1.7, 1.7]
		},
		"fixed": {
			"translation": [-0.25, 3, 0.5]
		}
	},
	"groups": [
		{
			"name": "body",
			"origin": [1.5, 20, 0.3],
			"color": 0,
			"children": [
				{
					"name": "head",
					"origin": [0.5, 20, 0.3],
					"color": 0,
					"children": [
						0,
						1,
						{
							"name": "jaw",
							"origin": [0.5, 20, 0.3],
							"color": 0,
							"children": [2]
						},
						{
							"name": "left eye",
							"origin": [1.5, 20, 0.3],
							"color": 0,
							"children": [
								{
									"name": "pupil",
									"origin": [3.5, 24, -4],
									"color": 0,
									"children": [3]
								},
								4
							]
						},
						{
							"name": "right eye",
							"origin": [-5.5, 20, 0.3],
							"color": 0,
							"children": [
								{
									"name": "pupil2",
									"origin": [-3.5, 24, -4],
									"color": 0,
									"children": [5]
								},
								6
							]
						}
					]
				}
			]
		}
	]
}