{
	"credit": "Made with Blockbench",
	"texture_size": [64, 64],
	"textures": {
		"0": "item/hats/sheriff_hat",
		"particle": "item/hats/sheriff_hat"
	},
	"elements": [
		{
			"from": [2, 0, 1],
			"to": [14, 2, 15],
			"faces": {
				"north": {"uv": [8, 5.25, 11, 5.75], "texture": "#0"},
				"east": {"uv": [2.5, 7.5, 6, 8], "texture": "#0"},
				"south": {"uv": [8, 5.75, 11, 6.25], "texture": "#0"},
				"west": {"uv": [7.5, 3.25, 11, 3.75], "texture": "#0"},
				"up": {"uv": [3, 3.5, 0, 0], "texture": "#0"},
				"down": {"uv": [6, 0, 3, 3.5], "texture": "#0"}
			}
		},
		{
			"from": [13, 0.41421, 0.975],
			"to": [15, 2.41421, 15.025],
			"rotation": {"angle": -45, "axis": "z", "origin": [14, 1.41421, 8]},
			"faces": {
				"north": {"uv": [1.75, 8.5, 2.25, 9], "texture": "#0"},
				"east": {"uv": [7.5, 3.75, 11, 4.25], "texture": "#0"},
				"south": {"uv": [2.25, 8.5, 2.75, 9], "texture": "#0"},
				"west": {"uv": [7.5, 4.25, 11, 4.75], "texture": "#0"},
				"up": {"uv": [8, 8.25, 7.5, 4.75], "texture": "#0"},
				"down": {"uv": [6.5, 7.5, 6, 11], "texture": "#0"}
			}
		},
		{
			"from": [1, 0.41421, 0.975],
			"to": [3, 2.41421, 15.025],
			"rotation": {"angle": 45, "axis": "z", "origin": [2, 1.41421, 8]},
			"faces": {
				"north": {"uv": [2.75, 8.5, 3.25, 9], "texture": "#0"},
				"east": {"uv": [0, 8, 3.5, 8.5], "texture": "#0"},
				"south": {"uv": [8, 8.5, 8.5, 9], "texture": "#0"},
				"west": {"uv": [8, 4.75, 11.5, 5.25], "texture": "#0"},
				"up": {"uv": [7, 11, 6.5, 7.5], "texture": "#0"},
				"down": {"uv": [7.5, 7.5, 7, 11], "texture": "#0"}
			}
		},
		{
			"from": [3.25, 2, 4],
			"to": [12.75, 4.5, 12],
			"rotation": {"angle": 0, "axis": "y", "origin": [0, 2, 0]},
			"faces": {
				"north": {"uv": [6, 2.5, 8.5, 3.25], "texture": "#0"},
				"east": {"uv": [3.5, 8, 5.5, 8.75], "texture": "#0"},
				"south": {"uv": [0, 7, 2.5, 7.75], "texture": "#0"},
				"west": {"uv": [8, 6.25, 10, 7], "texture": "#0"},
				"up": {"uv": [7.5, 5.5, 5, 3.5], "texture": "#0"},
				"down": {"uv": [7.5, 5.5, 5, 7.5], "texture": "#0"}
			}
		},
		{
			"from": [3.175, 4.5, 3.75],
			"to": [12.825, 5.5, 12.25],
			"rotation": {"angle": 0, "axis": "y", "origin": [0, 4.5, 0]},
			"faces": {
				"north": {"uv": [0, 7.75, 2.5, 8], "texture": "#0"},
				"east": {"uv": [8.5, 2.5, 10.75, 2.75], "texture": "#0"},
				"south": {"uv": [8.5, 1, 11, 1.25], "texture": "#0"},
				"west": {"uv": [8.5, 2.75, 10.75, 3], "texture": "#0"},
				"up": {"uv": [2.5, 5.75, 0, 3.5], "texture": "#0"},
				"down": {"uv": [5, 3.5, 2.5, 5.75], "texture": "#0"}
			}
		},
		{
			"from": [3.15, 1.63217, 2.08554],
			"to": [12.85, 6.13217, 3.58554],
			"rotation": {"angle": 22.5, "axis": "x", "origin": [8, 1.88217, 2.58554]},
			"faces": {
				"north": {"uv": [0, 5.75, 2.5, 7], "texture": "#0"},
				"east": {"uv": [5.5, 8, 6, 9.25], "texture": "#0"},
				"south": {"uv": [2.5, 5.75, 5, 7], "texture": "#0"},
				"west": {"uv": [7.5, 8.25, 8, 9.5], "texture": "#0"},
				"up": {"uv": [5, 7.5, 2.5, 7], "texture": "#0"},
				"down": {"uv": [10.5, 7, 8, 7.5], "texture": "#0"}
			}
		},
		{
			"from": [3.15, 1.63217, 12.41446],
			"to": [12.85, 6.13217, 13.91446],
			"rotation": {"angle": -22.5, "axis": "x", "origin": [8, 1.88217, 13.41446]},
			"faces": {
				"north": {"uv": [6, 0, 8.5, 1.25], "texture": "#0"},
				"east": {"uv": [1.25, 8.5, 1.75, 9.75], "texture": "#0"},
				"south": {"uv": [6, 1.25, 8.5, 2.5], "texture": "#0"},
				"west": {"uv": [8.5, 1.25, 9, 2.5], "texture": "#0"},
				"up": {"uv": [10.5, 8, 8, 7.5], "texture": "#0"},
				"down": {"uv": [10.5, 8, 8, 8.5], "texture": "#0"}
			}
		},
		{
			"from": [5.5, 1.75, 2.75],
			"to": [10.5, 5.75, 2.75],
			"rotation": {"angle": 22.5, "axis": "x", "origin": [8, 3.75, 2.75]},
			"faces": {
				"north": {"uv": [0, 8.5, 1.25, 9.5], "texture": "#0"},
				"east": {"uv": [0, 0, 0, 1], "texture": "#0"},
				"south": {"uv": [8.5, 0, 9.75, 1], "texture": "#0"},
				"west": {"uv": [0, 0, 0, 1], "texture": "#0"},
				"up": {"uv": [1.25, 0, 0, 0], "texture": "#0"},
				"down": {"uv": [1.25, 0, 0, 0], "texture": "#0"}
			}
		}
	],
	"display": {
		"thirdperson_righthand": {
			"rotation": [33.5, 0, 0],
			"translation": [0, 0.75, -0.5],
			"scale": [0.5, 0.5, 0.5]
		},
		"thirdperson_lefthand": {
			"rotation": [33.5, 0, 0],
			"translation": [0, 0.75, -0.5],
			"scale": [0.5, 0.5, 0.5]
		},
		"firstperson_righthand": {
			"rotation": [-180, 75.5, -180],
			"translation": [12, -0.5, -13.5]
		},
		"firstperson_lefthand": {
			"rotation": [-180, 75.5, -180],
			"translation": [12, -0.5, -13.5]
		},
		"ground": {
			"translation": [0, 3, 0],
			"scale": [0.5, 0.5, 0.5]
		},
		"gui": {
			"rotation": [30, 225, 0],
			"translation": [0, 2.75, 0],
			"scale": [0.625, 0.625, 0.625]
		},
		"head": {
			"rotation": [-2.75, -6, 0],
			"translation": [0, 15.5, 0],
			"scale": [1.3, 1.3, 1.3]
		}
	}
}