{
	"model": {
		"type": "select",
		"property": "custom_model_data",
		"fallback": {
			"type": "model",
			"model": "item/wooden_sword"
		},
		"cases": [
			{
				"when": "sheriff_hat",
				"model": {
					"type": "model",
					"model": "item/sheriff_hat"
				}
			},
			{
				"when": "cat_ears",
				"model": {
					"type": "model",
					"model": "item/cat_ears"
				}
			},
			{
				"when": "axolotl_hat",
				"model": {
					"type": "model",
					"model": "item/axolotl_hat"
				}
			},
			{
				"when": "propeller_hat",
				"model": {
					"type": "model",
					"model": "item/propeller_hat"
				}
			}
		]
	}
}